day_hour_key,day_hour_demand_mean
48_-0.26,0.10480487921954068
48_-0.5,0.09263395820899731
48_-0.71,0.07261309510346657
48_-0.87,0.05949369907652604
48_-0.97,0.051871062300360433
48_-1.0,0.04878721446625865
48_0.0,0.08886252705958071
48_0.26,0.09574265735330886
48_0.5,0.09771296992329322
48_0.71,0.1002225943015783
48_0.87,0.10385910815988637
48_0.97,0.10527625782171114
48_1.0,0.10391298466975106
49_0.0,0.10535182149021419
49_0.26,0.10590761813361872
49_0.5,0.10238759967237665
