RoadType,roadtype_demand_mean
0,0.6107562838074382
1,0.05756209121612738
2,0.27316421707230826
